setting,src,tgt,interval,unknown,unknown_name,n_src,n_tgt,n_unknown_tgt,d_novel_maha,d_drift_maha,DNR_maha,d_novel_euclid,d_drift_euclid,DNR_euclid,d_novel_energy,d_drift_energy,DNR_energy,AUROC_maha,AUROC_knn,AUROC_msp,MMD_drift,MMD_novel,MMD_ratio,PAD_drift,DNR_maha_mean,d_novel_maha_mean,d_drift_maha_mean,AUROC_maha_mean,DNR_maha_coral,d_novel_maha_coral,d_drift_maha_coral,AUROC_maha_coral,pair
Setting 1,1,2,1,1,Ethanol,445,1244,164,904.4396497954667,27.508147964310627,0.030414575445173616,89.73216647623067,7.9465266159629895,0.08855828325584851,7.72881787730503,5.725581692968498,0.7408094981486298,0.6233005871725383,0.6493281391147245,0.21752201897018975,0.05361508757996036,0.1736317022921241,0.30878628080116644,1.8399999999999999,0.1552638513131467,785.4238384252691,121.94793006706195,0.6068766937669376,0.7248761777031573,7.123180213248331,5.1634236460702105,0.8748475609756097,1->2
Setting 1,1,2,1,2,Ethylene,445,1244,334,52.63918812392332,206.77730098721784,3.928200801661723,15.660359747092471,28.15872894911905,1.7980895333101812,10.140536019801639,7.000296214610517,0.6903280261458459,0.665578732644601,0.6840922550503389,0.12332532736724355,0.10168355121923534,0.2934302610634152,0.34653396296184946,1.952,2.259774426424738,108.35171875700537,244.85044310624633,0.8082450483648088,0.4706083926650404,13.800689423322318,6.494720267179139,0.7583207211949727,1->2
Setting 1,1,2,1,3,Ammonia,445,1244,100,33.29800701593971,311.75990742663714,9.362719735069973,7.387566236015978,35.90791943750601,4.860588492925744,6.88491339331526,7.381285340753649,1.072095597879318,0.7604020979020979,0.5459090909090909,0.10824300699300701,0.08108421410378241,0.2846113611638639,0.284894509383617,1.8239999999999998,2.3045667848207523,154.63725809548018,356.37188870259763,0.927805944055944,0.23779372208893643,35.18340802289458,8.36639354953785,0.8036013986013986,1->2
Setting 1,1,2,1,4,Acetaldehyde,445,1244,109,21.060788897493918,251.46340269800677,11.93988524940436,7.225184642017754,28.71131805101607,3.973783297390993,6.929726794282171,5.437881595812656,0.7847180353920359,0.5424807016125773,0.5031726144768218,0.19692034110657558,0.0639651820379088,0.2934390046485138,0.21798459313385204,1.888,2.346574605681372,123.60570095839996,290.049998986427,0.7753142302873541,0.5680375741912965,8.833094487323274,5.0175295651816265,0.5215939861779089,1->2
Setting 1,1,2,1,5,Acetone,445,1244,532,35.99255973528091,244.41544797334205,6.790721464963194,11.372515820259839,29.57701929120618,2.6007454954263944,10.050425862916386,7.184987398073472,0.7148938260003806,0.7965911970938584,0.8276352749852158,0.7742090479006504,0.07265930730003944,0.43302837515604553,0.16779340908977625,1.8239999999999998,2.373423217675516,118.44044355425825,281.109298643463,0.25038016389287826,0.5417598929874459,16.131323022376204,8.739303834348455,0.7793359804004394,1->2
Setting 1,1,3,2,1,Ethanol,445,1586,365,38.31898533410745,22.305547677487063,0.5821017305913123,21.110950443652516,10.349147592875214,0.4902265116152986,24.85971732682476,9.814020893212755,0.3947760452860412,0.8713091671995782,0.9321642938081294,0.37123848630697953,0.1475151711840501,0.6179844799721947,0.2387036826405209,1.968,0.7437122541794652,22.686016121777858,16.871868188279098,0.7979132307899433,0.771415515659982,6.149581232012921,4.743882377186195,0.7202966353651284,1->3
Setting 1,1,3,2,2,Ethylene,445,1586,490,50.49059519114798,23.27993690325128,0.46107471728383825,23.695432132237567,12.218711350659408,0.5156568271247473,27.514342362361376,12.607787971771147,0.4582260337437011,0.8870568300312826,0.8227338745717266,0.364134887531655,0.13961637364617419,0.6967964704499592,0.20036894497473035,1.936,0.6140307811772258,33.695739084731535,20.690220992541683,0.7675778340533295,0.3884949760122033,13.408035749406224,5.208954526836335,0.7706260241322807,1->3
Setting 1,1,3,2,3,Ammonia,445,1586,216,25.041921983148068,35.03960417160872,1.399237813902167,6.4045417900065384,14.946439031639274,2.3337249598341705,5.7927473507825145,15.751710736695786,2.7192124535809357,0.2574074074074074,0.08638145444714787,0.5928527980535281,0.2568900224221933,0.3030966741773452,0.8475514392212832,1.968,0.8001072498992066,29.87587943824261,23.903907735652545,0.7467693971343606,0.4134084230481372,20.84136087141997,8.61599413203088,0.7844991889699919,1->3
Setting 1,1,3,2,4,Acetaldehyde,445,1586,240,20.160552934662,28.064331106537903,1.3920417360322965,6.412927805249246,14.111268676443316,2.200440907021074,6.0794293049289365,14.331264918892849,2.3573372104637658,0.252318598315998,0.2513558692421991,0.509494180287271,0.21135903662126831,0.30048789503989726,0.7033861932881028,1.936,1.4883704337621275,14.163054667083921,21.07987181824442,0.05065316988608225,0.37680521070486883,12.317053278378536,4.64112985582252,0.8498173600792471,1->3
Setting 1,1,3,2,5,Acetone,445,1586,275,32.96689275197978,32.67770295909129,0.9912278723061906,11.982147290669795,15.180668315100787,1.2669405530444116,9.272172720308124,16.282219281063238,1.7560306275789654,0.5297801816794951,0.5638277511961722,0.8410068649885585,0.23180805218355172,0.2606266243677522,0.8894258318615347,2.0,0.7331162768557832,32.49995249668695,23.82624417236095,0.7978087511268289,0.3265964922218986,27.53249751185375,8.992017109479587,0.9425837320574163,1->3
Setting 1,1,4,3,1,Ethanol,445,161,64,69.3772672744467,34.17178414347456,0.4925501606786528,40.77764010419374,15.965358820636258,0.39152238285104474,41.62593869513384,17.85960221795373,0.4290498371401665,0.8748389175257731,0.881604381443299,0.5658827319587628,0.280850014422803,0.6735209278662311,0.41698780661880636,1.9080459770114944,1.1177082754662908,29.81702279396159,33.32673312657789,0.7408182989690721,0.9098014299314324,5.699479021311081,5.185394163453022,0.8300579896907216,1->4
Setting 1,1,4,3,2,Ethylene,445,161,43,55.329173239681616,36.812157068716246,0.6653299681390301,25.16074905102661,22.775786819687617,0.9052110004156779,30.926714014943833,25.116300512245388,0.8121231534688476,0.5512416239653134,0.4603862830114308,0.33208513992905003,0.3788462835363253,0.8796153367095785,0.4306954048271768,1.891304347826087,0.9199764791152795,36.89799312084351,33.94528579773341,0.5208908159243201,0.33742998658476936,15.31005118847033,5.166070367137676,0.7493102089081592,1->4
Setting 1,1,4,3,3,Ammonia,445,161,12,32.36841990695679,54.77986525677659,1.6923861410053882,6.48349104806146,26.03718980259567,4.0159213006672845,8.660315801859296,28.69463814927797,3.3133477815113253,0.025167785234899327,0.0,0.569910514541387,0.4154052965423478,0.30670827015236357,1.3543987461961386,1.98,0.7453202913503738,51.297287063321654,38.23290893951866,0.5743847874720358,0.32702428899331826,30.01839202857338,9.816743309866903,0.8920581655480984,1->4
Setting 1,1,4,3,4,Acetaldehyde,445,161,30,45.77713071527932,40.5785973340401,0.8864381995985591,21.708049365110195,21.168301507112844,0.9751360498163943,18.397329539660632,24.563277311443194,1.3351544993793867,0.5152671755725191,0.5157760814249364,0.4725190839694656,0.37572411882722645,0.3432827414020114,1.094503374369245,1.9581151832460733,0.8343033208506742,38.817370389028426,32.38546102225704,0.5753180661577608,0.4346531009219519,10.856620648008125,4.718863830190022,0.7801526717557252,1->4
Setting 1,1,4,3,5,Acetone,445,161,12,44.14664229804643,52.65489124017421,1.1927269776189589,19.927311726356983,25.8674188737263,1.2980887351459756,29.04098639892654,25.976066685656214,0.8944622723495501,0.3478747203579418,0.4681208053691275,0.6672259507829978,0.3489082660699794,0.9600256427330812,0.363436402674285,1.98,0.7961967623013667,51.384889707026865,40.91248281594761,0.45357941834451904,0.1906173847935526,41.190529710735696,7.851631051721568,1.0,1->4
Setting 1,1,5,4,1,Ethanol,445,197,28,49.14002850808258,31.730746918921383,0.6457209709127925,25.957270921235406,14.397146759697717,0.5546479367335779,32.870290951981985,17.724047533026763,0.5392117629539283,0.9330092983939138,0.9065934065934067,0.3250211327134404,0.3530856174087216,0.8641688262886432,0.40858407138466546,1.980952380952381,0.8068617604857743,23.260277640696415,18.7678285665602,0.7396449704142012,0.6703187944903374,7.637987814170699,5.119886783926789,0.790152155536771,1->5
Setting 1,1,5,4,2,Ethylene,445,197,40,52.8563592269707,32.32705946155875,0.611602084107666,25.35740309652908,17.445660410907784,0.687990814536357,30.117660384049778,22.706777811010227,0.7539356484355494,0.9004777070063694,0.8668789808917198,0.2585987261146497,0.44885257217900265,0.7679422749654882,0.5844873850696322,1.9411764705882355,0.47644363103822795,39.3115250996028,18.729725760105193,0.927547770700637,0.39863447078342035,14.886050593278219,5.934092900306683,0.6426751592356688,1->5
Setting 1,1,5,4,3,Ammonia,445,197,20,38.31860606315052,45.90139078314773,1.1978878017509431,8.017523081133483,21.05617046672025,2.62626876825198,10.399533384548713,26.590241634545436,2.5568687220190425,0.503954802259887,0.02994350282485876,0.2610169491525423,0.4424352369556178,0.35560253456553026,1.2441847117208498,1.94392523364486,0.6862994187393554,33.05454087401474,22.68531218853258,0.7737288135593221,0.5327852754361792,17.92221463440853,9.548692060419668,0.7257062146892655,1->5
Setting 1,1,5,4,4,Acetaldehyde,445,197,46,37.98348782477964,35.69313630883986,0.9397013900749368,14.945004088284131,17.722347904203517,1.1858376083079585,20.432035240762367,21.517314895257122,1.0531165711935342,0.6482867837604377,0.4006622516556292,0.22458969190901237,0.3362463148805779,0.6653014678103496,0.505404438663328,1.9402985074626864,1.0929885763678922,19.926392279499463,21.779319129718278,0.4160668010365678,0.6256474271226565,8.786750029023588,5.497407548428535,0.6196372012669162,1->5
Setting 1,1,5,4,5,Acetone,445,197,63,43.266890426178726,41.39795177340352,0.9568044147761449,19.90147961158422,18.36678177604982,0.9228852394150088,22.721313412771856,23.06380703797388,1.015073671973976,0.49016820658611704,0.5960672826344469,0.6995972518360578,0.37534800055500417,0.6264352189085042,0.5991808717412275,1.9166666666666665,1.0052619187423606,27.44652448823322,27.59094586985051,0.6130063965884862,0.4695409214527848,21.043026544372918,9.88056207380027,0.9843638948116561,1->5
Setting 1,1,6,5,1,Ethanol,445,2300,514,42.98014499533449,25.019902083391283,0.582126981798391,14.377254996129077,10.240680773708693,0.7122834488548675,17.720789550750847,11.780024161926907,0.6647572969697491,0.9195232264783162,0.9115602982122082,0.3259909542877809,0.18542106498210376,0.6030948135998191,0.3074492779590359,1.888,0.7190993800146611,22.914854448090715,16.47805762674823,0.7770848493034889,1.1132381747530264,6.227721787496221,6.932937635581948,0.72503060988841,1->6
Setting 1,1,6,5,2,Ethylene,445,2300,574,41.80160289806225,26.35494510629757,0.6304769022988657,15.550993604804013,11.861062671090187,0.762720567734403,16.649419263510694,14.406479903682662,0.8652842285770461,0.7692505682712844,0.7576600546670921,0.34015931783221154,0.22825658333238374,0.48601941262722204,0.4696449923646508,1.936,0.7041355635733099,26.714913388155296,18.81092059438089,0.8107979618945336,0.40833972568033355,15.625691131898657,6.380590430365118,0.8423799161017598,1->6
Setting 1,1,6,5,3,Ammonia,445,2300,110,39.80175364235251,36.73601452918814,0.9229747729029166,7.485961099686111,12.903999497167735,1.7237598920609947,9.775679829630679,15.145659240203475,1.5493203034633012,0.6268451639684516,0.3976587795765878,0.2492652552926526,0.26388416348956567,0.4142877054727916,0.6369587125169861,1.968,0.6406424614441542,33.40847529707769,21.40288784741607,0.8870485678704856,0.28489648910780274,36.09196686202532,10.282474643986175,0.9332046492320465,1->6
Setting 1,1,6,5,4,Acetaldehyde,445,2300,29,28.08188784589463,28.288222750599694,1.0073476151545568,11.981570925496392,10.612501370905392,0.8857353878632338,15.049761108543052,11.9954017653077,0.797049313859106,0.6069026253055771,0.6386674562322537,0.4681212894213395,0.20926775111342755,0.5907470917398396,0.35424254141836287,1.952,0.9161024402723402,19.182311472942253,17.572962350426508,0.6169392186337479,0.5954985882561549,8.375284335769456,4.987469998194599,0.8600798675959246,1->6
Setting 1,1,6,5,5,Acetone,445,2300,606,25.57144562045819,32.707073000765654,1.279046694747624,7.906043960787222,12.15491778092833,1.5374209707427478,6.711075534671213,15.079341081957892,2.2469335956738945,0.3867864059133186,0.41444274297559625,0.8489163851450081,0.26992558807345857,0.18500636413136795,1.459007041951226,1.952,1.1493215183045442,17.266716986345397,19.845009382881354,0.6593052162359092,0.5202392712557921,15.919830314589902,8.282120921378118,0.8408389540252726,1->6
Setting 1,1,6,5,6,Toluene,445,2300,467,21.51870513125919,28.696609156979928,1.3335657969165506,5.937479887401072,11.612022521879448,1.9557156810786624,6.669817325879789,13.435813112005912,2.0144199541827255,0.2713002519827432,0.17480616487404954,0.5445677684048452,0.2686818352756213,0.3672627842918179,0.7315792581426747,2.0,1.1231006755086101,15.48853129945907,17.39517996505873,0.3343578528780588,0.9664646601089387,6.712403003617218,6.487300287405134,0.4987599458418174,1->6
Setting 1,1,7,6,1,Ethanol,445,3613,649,40.2347245170826,22.531216422478252,0.5599943007665454,15.402032080488636,10.657361291536004,0.6919451430721792,15.924048751150462,10.827374481889873,0.679938541453387,0.868889956311901,0.8737474241488514,0.38023877698275554,0.18119905929015356,0.5500972153350122,0.3293946128772936,1.968,0.7148650585454807,22.721457136253726,16.242775785946648,0.8078378653757781,0.9259561687875257,5.740591788939456,5.315536379459507,0.6948747060254643,1->7
Setting 1,1,7,6,2,Ethylene,445,3613,662,52.31021908621308,22.590381276104004,0.43185407499197304,20.123287136360084,11.7752619870183,0.5851559890402785,20.748200548584983,12.554454182601617,0.605086409937262,0.7880563811130643,0.7819736460885295,0.4146881440159053,0.23189807397070927,0.4828332207446988,0.480286078105895,1.936,0.4552279000837723,37.49657535264793,17.06948725811885,0.7801262514319997,0.35376396788658826,17.55288247197194,6.20957735113174,0.7997376075087456,1->7
Setting 1,1,7,6,3,Ammonia,445,3613,360,30.17102412027725,35.26853309369012,1.1689537933181045,8.166560262357486,13.38700388531385,1.6392463234514052,8.513444432259938,14.05094413427409,1.650441750818381,0.47739693274584144,0.3428066400245927,0.4854817775045258,0.22739662260943816,0.40378791319086527,0.5631585671113211,1.888,0.8448332811625854,26.822109274535492,22.660210586107233,0.7248121392219149,0.3562361274674664,28.74438788178528,10.239789425429958,0.7542055196912252,1->7
Setting 1,1,7,6,4,Acetaldehyde,445,3613,744,14.697595934199764,28.404717130272843,1.932609744984079,6.7231444005888,12.146275938486415,1.8066361831262567,6.214288083613328,12.322963552150094,1.983004873019155,0.20378433533095716,0.3005622767664729,0.6439886701372101,0.20937906022595154,0.27836399026897385,0.7521772482986594,1.936,1.3403040300717464,13.919921178699129,18.656926454091497,0.2792007255909481,1.3299367830337483,3.963554104712017,5.271276395400909,0.25273080425909894,1->7
Setting 1,1,7,6,5,Acetone,445,3613,630,35.14186552061551,29.124101212284167,0.8287579723164924,11.213005921101239,13.072359167635543,1.165821124114032,10.063046324728337,13.635195065475065,1.3549768753393037,0.6831090465016043,0.6373470832069558,0.7563074352548036,0.19460276005830157,0.3333330311657092,0.5838088093992673,2.0,0.9322173651475997,21.567687148768247,20.105772486152482,0.6991342475083675,0.42835010237711285,17.074190139780555,7.313731094381292,0.8474413209243916,1->7
Setting 1,1,7,6,6,Toluene,445,3613,568,15.9466627657349,27.668198749962038,1.735046332666768,7.107928278225875,12.362679611080171,1.739280297601128,6.682338594504989,12.381573569265612,1.8528803044262394,0.2791444066699045,0.20259545780429705,0.5195587317005481,0.19743412601802013,0.33498829623512016,0.589376190860847,1.936,1.5596194532284422,11.899355108014268,18.55846570733228,0.28611091838386643,0.8507585161279205,7.27729745846059,6.191222787181419,0.5112589329077916,1->7
Setting 1,1,8,7,1,Ethanol,445,294,30,29.666381174662522,21.920316940067618,0.7388941984871863,12.7934370890463,9.940868563083807,0.7770287604411755,18.57681796154678,11.820948624423078,0.6363279571825453,0.9582070707070708,0.9842171717171717,0.42967171717171715,0.325549445243851,0.5924065050472236,0.5495372560399212,1.888,0.6562614551056598,24.119235020133182,15.82852427034799,0.960479797979798,0.993079045469799,7.288060587772643,7.237620251831318,0.772979797979798,1->8
Setting 1,1,8,7,2,Ethylene,445,294,30,11.555131590322688,24.859595022287007,2.1513900406903788,8.194907754586158,11.325076637463662,1.381965114997878,10.760337290040264,14.27226506692032,1.3263771090271201,0.13434343434343438,0.3391414141414142,0.720959595959596,0.27892419552752423,0.3369316168915657,0.8278362182237414,1.92,1.7588601844148355,10.585793954233099,18.61893150651988,0.5045454545454545,0.6640452744757327,16.729680493436387,11.109265275155277,0.8223484848484849,1->8
Setting 1,1,8,7,3,Ammonia,445,294,40,27.266455594365198,29.50460291424485,1.0820842779558844,7.571637962283952,11.774114472007014,1.5550287177829356,8.740940797025324,15.127462897895237,1.73064470394804,0.8461614173228347,0.663976377952756,0.44616141732283465,0.3061126325270097,0.35434697535226456,0.863878214912646,1.936,1.275012565983846,16.91901328007906,21.57195453614837,0.791240157480315,0.6501108386752472,25.225046367098592,16.399076049336465,0.7551181102362206,1->8
Setting 1,1,8,7,4,Acetaldehyde,445,294,33,15.44457804386187,26.605095142024844,1.7226171583624774,7.106042551911861,10.830153631178032,1.5240766646217465,8.655114902207465,13.394977998531818,1.5476372237548761,0.5040055729710902,0.7545570649018924,0.6614420062695924,0.2667453143355135,0.28709662302791394,0.9291133818372301,1.952,1.6297632271221576,12.099083478551758,19.718641335224895,0.6569139672587949,0.9151916047942786,6.822752222621053,6.244125555734293,0.7477069546035063,1->8
Setting 1,1,8,7,5,Acetone,445,294,143,22.14066423846239,29.167837621086914,1.3173876495727277,7.667061760484429,11.770419745993863,1.5351930261808888,7.868467272772062,14.996443777035115,1.905891358146536,0.40536284907145836,0.2295188255453156,0.6726716991617654,0.2711140173657989,0.27874919443801427,0.9726091510771586,1.9800995024875623,2.2508677512984483,9.789133399170005,22.034044681350327,0.13147779372944934,1.0263417801366803,8.19707643444202,8.413002019641654,0.4419487796971241,1->8
Setting 1,1,8,7,6,Toluene,445,294,18,56.39769922102775,18.660556170317005,0.33087442268140366,9.59722186146194,10.916457772679442,1.1374601869437813,10.473999161780183,13.316322552172135,1.2713694498624406,0.55414653784219,0.6650563607085347,0.11634460547504025,0.2664020420313812,0.3162292243441225,0.842433341143325,1.904,0.290770042747214,45.821798423580695,13.323606286378782,0.5628019323671498,0.9142636459349889,6.761921101820944,6.182178640075553,0.7906602254428341,1->8
Setting 1,1,9,8,1,Ethanol,445,470,61,24.19603261937385,25.021541106253743,1.0341175142167276,10.969460116770152,10.55940399566764,0.9626183862526091,15.519282158760355,13.004513753422302,0.8379584584124266,0.9682953224578139,0.9914225019038839,0.6480820874584151,0.3746369023918221,0.49478349925257503,0.7571733959555087,1.968,1.2327547060270112,17.740606304227992,21.86981590930952,0.9356286825123251,1.4079943108681625,4.564202750465315,6.426371506303982,0.35845124053068256,1->9
Setting 1,1,9,8,2,Ethylene,445,470,55,11.365716852502759,26.71329294462394,2.3503394718777995,7.568940970511334,11.309979999662255,1.4942618846845346,11.500973299339062,14.387129216826969,1.2509488407953933,0.028740416210295727,0.019759036144578333,0.9705585980284775,0.3660357117517036,0.3572503941674927,1.0245914846495368,1.968,1.5820288732274657,14.127080781488141,22.34944969073107,0.3609200438116101,0.5195316431745822,15.719975763203406,8.167024838921673,0.8823658269441402,1->9
Setting 1,1,9,8,3,Ammonia,445,470,100,27.14679675240092,32.49587293808416,1.1970426284349795,8.44839963887597,11.889445288040953,1.407301476759071,11.3063284033692,15.276717754675294,1.3511652244351002,0.8010270270270271,0.3888918918918919,0.3637837837837838,0.39936532775694844,0.469837373625986,0.850007577462033,1.888,1.1556926071498328,22.144513316816067,25.592250329175354,0.9342162162162162,0.5396179400242292,21.89010302094298,11.812292299079408,0.6750270270270271,1->9
Setting 1,1,9,8,4,Acetaldehyde,445,470,75,14.884148049358874,29.19125049390218,1.9612308609870068,7.159399096419585,11.03821058787005,1.5417789173661598,8.030463621287822,14.015316582992222,1.7452686723888833,0.37920675105485235,0.5938902953586498,0.8645400843881856,0.3469932929489523,0.30170118929434264,1.1501223901720263,1.952,1.4272255321740073,17.331667277074615,24.736198052985646,0.8750717299578059,2.061745721797071,2.90619004606882,5.991824894211622,0.7124725738396624,1->9
Setting 1,1,9,8,5,Acetone,445,470,78,69.01026695678895,19.273076729637715,0.279278396962377,9.150116018020427,11.772598985986216,1.2866065263873177,8.06337099381145,15.577847889706103,1.9319274657785104,0.5230245944531658,0.4057103610675039,0.841902145473574,0.3551376645650216,0.2604199965996059,1.363711194233074,1.968,0.3158639628316658,54.31196954517377,17.155193929731333,0.6838042909471481,0.38843155374802313,18.835350742611467,7.316244554341553,0.9840724751439037,1->9
Setting 1,1,9,8,6,Toluene,445,470,101,16.60867242851484,29.091116702406417,1.7515618317849964,8.384309139134775,10.954701516914046,1.3065717562561778,11.23852261993988,13.14777896327951,1.1698849935980147,0.6048726823901902,0.7780460972926561,0.16783385655638738,0.342459586309826,0.3993119508835308,0.8576241846808957,1.968,1.971909126906154,13.153721718525906,25.937943909544934,0.06788483726421421,1.1131560462537893,5.9959741623643,6.67445489201732,0.5304408489629451,1->9
Setting 1,1,10,9,1,Ethanol,445,3600,600,19.99548017986922,22.791471107705778,1.139831146973478,8.71419879398977,10.441657189727271,1.1982349079445995,7.863517492568118,8.20285382250371,1.043153249198759,0.6104566666666668,0.7358783333333333,0.4763794444444444,0.11215991275837744,0.2642452932733501,0.42445377690172503,1.968,1.3371251402039168,11.986811324381323,16.027866772711274,0.5774544444444444,0.7329780690492061,6.490110621151182,4.757108751007137,0.6209333333333332,1->10
Setting 1,1,10,9,2,Ethylene,445,3600,600,20.300456613618014,22.43270891095662,1.1050346964071853,7.690053320682616,11.4568836772271,1.4898315004414193,4.835263514382833,9.571914007762793,1.9796054505179415,0.5257783333333332,0.48435500000000004,0.6033483333333334,0.135948888413163,0.18216395746942537,0.7462995990081124,1.936,1.0218726717325153,15.547241843596924,15.887301560787943,0.6768177777777777,0.359913349355965,16.37071628596402,5.892039329837553,0.7319416666666667,1->10
Setting 1,1,10,9,3,Ammonia,445,3600,600,36.27544485975903,26.470269760204303,0.7297021404572278,9.449448157494128,11.275092905185666,1.193201202574318,6.490407097852469,9.480224445079793,1.4606517437429447,0.7007105555555556,0.600955,0.25149,0.15477572046211352,0.24681498764482424,0.6270920657575358,1.952,0.6903348284887707,26.731931212098463,18.453983148477608,0.8074300000000001,0.28922067057583833,25.5964056083477,7.403009594377471,0.7477427777777779,1->10
Setting 1,1,10,9,4,Acetaldehyde,445,3600,600,13.077333682250794,26.045622464759,1.9916615341940391,7.346710782621819,10.050245984636714,1.3679925999550624,6.602532999803948,7.747207309425295,1.1733689645557752,0.22246222222222223,0.30320555555555556,0.5931183333333333,0.1067752827641959,0.31544108278947136,0.3384951694306059,1.936,1.5471492838206253,11.321502656725631,17.516054727126367,0.17829111111111112,1.0463179771378712,4.259703015772154,4.45700384267081,0.3136838888888889,1->10
Setting 1,1,10,9,5,Acetone,445,3600,600,60.130624268427226,20.91104788257478,0.3477603656537213,30.642795289402375,9.290842307694074,0.3031982630810204,24.688002815681713,8.16236091905148,0.3306205439132072,0.8221494444444443,0.8307916666666668,0.5190411111111111,0.1218494412234361,0.32559438044861577,0.3742369295672349,1.904,0.3365065032018294,46.47157544861277,15.637987352492669,0.8279838888888889,0.2945371092771612,21.030251982605908,6.194189626327033,0.9391755555555555,1->10
Setting 1,1,10,9,6,Toluene,445,3600,600,16.34463198082365,24.691881316424826,1.510702801102808,7.964602176086837,10.601169365753766,1.331035641376168,7.337302169529705,8.214409384409354,1.1195408332127976,0.38023000000000007,0.30471,0.3542388888888889,0.09333931931363049,0.3838352114695457,0.24317549960117776,1.984,1.4280915701801993,11.703594025810645,16.713803969071524,0.3204988888888889,0.8083462234663845,6.259199184341007,5.0596000225859274,0.4570155555555555,1->10
Setting 2,1,2,1,1,Ethanol,445,1244,164,904.4396497954667,27.508147964310627,0.030414575445173616,89.73216647623067,7.9465266159629895,0.08855828325584851,7.72881787730503,5.745945200935264,0.7434442488039095,0.6233005871725383,0.6493281391147245,0.21752201897018975,0.06760050519818472,0.16802820135774343,0.40231642457600714,1.8719999999999999,0.1552638513131467,785.4238384252691,121.94793006706195,0.6068766937669376,0.7248761777031573,7.123180213248331,5.1634236460702105,0.8748475609756097,1->2
Setting 2,1,2,1,2,Ethylene,445,1244,334,52.63918812392332,206.77730098721784,3.928200801661723,15.660359747092471,28.15872894911905,1.7980895333101812,10.140536019801639,7.062989877426128,0.6965105063119029,0.665578732644601,0.6840922550503389,0.12332532736724355,0.13031102325463673,0.28152606378452427,0.4628737442739042,1.92,2.259774426424738,108.35171875700537,244.85044310624633,0.8082450483648088,0.4706083926650404,13.800689423322318,6.494720267179139,0.7583207211949727,1->2
Setting 2,1,2,1,3,Ammonia,445,1244,100,33.29800701593971,311.75990742663714,9.362719735069973,7.387566236015978,35.90791943750601,4.860588492925744,6.88491339331526,7.259767614777512,1.0544457424586062,0.7604020979020979,0.5459090909090909,0.10824300699300701,0.10009670012801464,0.2825488346713607,0.3542633620996508,1.8399999999999999,2.3045667848207523,154.63725809548018,356.37188870259763,0.927805944055944,0.23779372208893643,35.18340802289458,8.36639354953785,0.8036013986013986,1->2
Setting 2,1,2,1,4,Acetaldehyde,445,1244,109,21.060788897493918,251.46340269800677,11.93988524940436,7.225184642017754,28.71131805101607,3.973783297390993,6.929726794282171,5.414769915649807,0.7813828851258062,0.5424807016125773,0.5031726144768218,0.19692034110657558,0.05213988484321863,0.2653338724001033,0.1965067044459203,1.888,2.346574605681372,123.60570095839996,290.049998986427,0.7753142302873541,0.5680375741912965,8.833094487323274,5.0175295651816265,0.5215939861779089,1->2
Setting 2,1,2,1,5,Acetone,445,1244,532,35.99255973528091,244.41544797334205,6.790721464963194,11.372515820259839,29.57701929120618,2.6007454954263944,9.520789795827854,7.184987398073472,0.7546629588673448,0.7965911970938584,0.8276352749852158,0.7742090479006504,0.07298096731788473,0.4083218558560875,0.17873392342634428,1.8719999999999999,2.373423217675516,118.44044355425825,281.109298643463,0.25038016389287826,0.5417598929874459,16.131323022376204,8.739303834348455,0.7793359804004394,1->2
Setting 2,2,3,1,1,Ethanol,1244,1586,365,22.99761194797864,11.629008561013325,0.5056615698759735,17.088567985338745,5.331748860665024,0.31200676763784035,18.453658017063013,4.019764793464173,0.21783024209873905,0.7522713248740647,0.901535907015359,0.16109185150281038,0.07229353859364385,0.5393620654667849,0.1340352672579563,1.92,0.9836319738813928,129.80617686688333,127.68150597356964,0.981104641378614,2.613996563969794,108.32349605049433,283.15724647318774,0.5332592866839442,2->3
Setting 2,2,3,1,2,Ethylene,1244,1586,490,20.382175038303682,5.399296466646785,0.26490286029337057,16.033284145544766,5.149355067500536,0.3211665820150395,18.70573797171324,4.037974375631017,0.21586822084951846,0.962397586771935,0.9443318933412781,0.8335226426336958,0.08333609988134327,0.5835055013141373,0.14281973296508524,1.92,0.3473169513497653,16.272329776634596,5.651655969378735,0.9563440339639506,0.2967895746086799,14.267286551628324,4.23438190647791,0.8160695665127367,2->3
Setting 2,2,3,1,3,Ammonia,1244,1586,216,6.993033672128481,6.663160932716615,0.9528283782292353,7.262776223357526,5.633633330410606,0.7756859301671035,7.976498668565352,4.178150276090717,0.5238075563851622,0.49165990808326576,0.3559881048932144,0.9718031900513652,0.10251988315208949,0.41711011283288124,0.2457861365570989,1.8719999999999999,0.5733587616642902,8.899127670531408,5.102392821068308,0.8412510137875101,0.3663665011303892,7.548793195136948,2.765624950659215,0.8984218707758853,2->3
Setting 2,2,3,1,4,Acetaldehyde,1244,1586,240,5.657397862410193,7.217905286791978,1.2758348382655502,5.2358098439490055,6.126886802447885,1.17018894594285,4.99988397134336,4.730264725948825,0.9460748995497,0.3105002476473502,0.5216598563645369,0.9865744180287271,0.0917597390041518,0.19469830955066425,0.4712919142231902,1.888,0.9144355182314488,5.576768978070064,5.099595630518566,0.479822932144626,0.5729863399469521,4.381636424584039,2.510617817900658,0.6602092620108966,2->3
Setting 2,2,3,1,5,Acetone,1244,1586,275,18.704289542078186,5.680284470336237,0.30368886546359114,11.838962537976224,5.653970213087721,0.4775731146163608,10.164306819420933,4.37678252536023,0.4306031491490906,0.8850038138825325,0.8756785243741765,0.18459468830178213,0.07745567423436683,0.4280788495404163,0.1809378676791038,1.92,0.3480719989132052,27.56202844868327,9.593570336235816,0.98853893627349,0.15127071483029828,40.501513858730604,6.126692953119411,0.9802648914777061,2->3
Setting 2,3,4,1,1,Ethanol,1586,161,64,85.24066623195722,34.73391108601666,0.40748052099333215,27.25125305527789,8.216055411598628,0.30149275686269345,26.759157791559424,7.085105079979374,0.2647730969400768,0.8677512886597938,0.8825708762886598,0.23228092783505155,0.0534087975745714,0.4844794856265099,0.11023954400361294,1.9310344827586206,1.0237359691043775,43.41172018050915,44.4421394294816,0.8176546391752577,0.3333500000311504,16.14719732664928,5.3826682293415296,0.9561855670103093,3->4
Setting 2,3,4,1,2,Ethylene,1586,161,43,53.509655569389956,53.04296534939922,0.9912783923756424,13.38969358040864,12.87180891172075,0.9613221418714435,14.174299722987618,9.686886287593774,0.6834119834423821,0.6708711076074103,0.643870713441072,0.4883720930232558,0.14362751273753005,0.48257571365511076,0.29762689806677334,2.0,0.7660990863786842,66.47313815517587,50.92501040940429,0.673433188805676,0.1799117538796553,53.42174017343331,9.611198969905628,0.929247142294048,3->4
Setting 2,3,4,1,3,Ammonia,1586,161,12,24.219001177779585,51.02759213417611,2.1069238883803694,6.348756229376644,12.818309403226522,2.019026867642876,7.928008521302196,9.35023509604988,1.179392664743766,0.43344519015659955,0.5134228187919463,0.8864653243847874,0.08577154700191525,0.37920735863746513,0.22618639920412437,1.94,0.9585622160789425,44.655438417251176,42.805016009217034,0.2488814317673378,0.19375702634309022,22.679673533419255,4.3943461022674,0.9821029082774049,3->4
Setting 2,3,4,1,4,Acetaldehyde,1586,161,30,77.03337900712124,33.679992623371895,0.4372129725772304,14.481463174081425,9.034390270258141,0.6238589403332998,10.82552719186379,6.911796010037266,0.6384720011818,0.5127226463104325,0.660559796437659,0.7384223918575062,0.07919179314638547,0.09215159169588583,0.8593643548527121,1.8952879581151834,0.7271604629523636,53.396943085012964,38.828145853939034,0.6407124681933842,0.4160388196382076,11.161439931984466,4.643592294765574,0.7264631043256998,3->4
Setting 2,3,4,1,5,Acetone,1586,161,12,96.83656501859376,77.9790660517086,0.8052646852636264,17.96037470365071,13.511231948818253,0.752280070530594,26.29757054557674,9.18777233483211,0.34937722931130216,0.697986577181208,0.6907158836689038,0.007829977628635335,0.09470424063063698,1.0932120269051107,0.08662934389657714,1.98,0.7426139778934184,96.15910019323299,71.40909190514853,0.6923937360178971,0.052126264841977236,131.95191625310835,6.878160533015927,1.0,3->4
Setting 2,4,5,1,1,Ethanol,161,197,28,30.612665266329653,8.2804648179971,0.27049146965666665,16.575399737956218,5.2219162283944165,0.3150401384551037,20.94175946776712,6.200293497587053,0.296073188460136,0.9786559594251901,0.9038461538461539,0.2166103127641589,0.07207605148992813,0.5213650012764008,0.13824489812985571,1.9398496240601504,0.4552621114117488,38.98267148063177,17.747333326742986,0.9803465765004227,0.36702784697483687,48.20995785156712,17.69439703300831,0.9556213017751479,4->5
Setting 2,4,5,1,2,Ethylene,161,197,40,28.575653612734147,5.371774547872889,0.1879843107238348,10.92259932695502,4.700539370222815,0.430349885546266,11.213030430682533,4.576709407936029,0.4081599025552137,0.9773885350318472,0.9802547770700637,0.5638535031847134,0.10836561678283307,0.2904458531067502,0.37310092612341234,1.4782608695652173,0.25703568964359785,32.024655844667315,8.23147950063294,0.9794585987261146,0.3154810452520625,28.458147062293953,8.978005981149408,0.9657643312101911,4->5
Setting 2,4,5,1,3,Ammonia,161,197,20,17.791339070609354,5.108724376290591,0.28714670413594773,5.972756883054492,4.799448068137907,0.8035565756501124,7.613537612716378,4.863158411800405,0.6387514791649285,0.963276836158192,0.5915254237288136,0.2,0.06915369551004957,0.35143375431992174,0.19677590629810898,1.6319018404907975,0.44545838952480243,20.18771096724054,8.992785215659163,0.9683615819209039,0.5559970839638523,15.837057209210858,8.805357626889942,0.9483050847457626,4->5
Setting 2,4,5,1,4,Acetaldehyde,161,197,46,13.284502697363827,5.152398068006001,0.3878502782816583,8.283296137553592,4.114475527348498,0.4967195979743973,10.845318590470692,4.551497459026448,0.4196739285303846,0.9555139648718687,0.7617333717247337,0.9795565793262309,0.058030874554860556,0.2252168001632342,0.25766672163355725,1.6595744680851063,0.6892830489400115,12.125638177076858,8.357996853038939,0.5574431327382666,0.8159186215905401,9.636824780439223,7.86286479136553,0.3404837316441117,4->5
Setting 2,4,5,1,5,Acetone,161,197,63,29.80441708080775,4.618829371773202,0.1549713037248915,10.511060988861333,4.841504622602117,0.46061045861428296,11.362515854596298,4.52954240255335,0.39863903914563836,0.990168206586117,0.8895996209429046,0.23146173892442545,0.048947084752993364,0.3595759891364123,0.1361244527771411,1.6619718309859155,0.368175290832101,22.91344402374935,8.436163917408983,0.9760720208481403,0.3845903922920158,14.161410239361347,5.44634231936415,0.8334517886756694,4->5
Setting 2,5,6,1,1,Ethanol,197,2300,514,17.157862692278044,12.823255704537608,0.7473690595687514,9.084708745874297,9.93405745460812,1.093492123137084,12.14965638175064,10.401443752724042,0.8561101175130766,0.6145692175633222,0.4294262334368914,0.982041472586176,0.33098923044573647,0.340065511895568,0.9733101972051232,1.8857142857142857,0.5226650674164353,14.851288987073849,7.762249959649916,0.9379109459218042,0.4539653640210415,12.170811290798978,5.52512677805896,0.9092226177663714,5->6
Setting 2,5,6,1,2,Ethylene,197,2300,574,24.269682442677784,10.9206713548147,0.4499717448140526,11.337104863455657,10.968837657854019,0.9675166446780675,14.876408602413413,12.237203832935359,0.8225912691689651,0.9918059923853666,0.8584651224760883,0.7160702678041514,0.28553370892966634,0.5537444655533501,0.5156416482543731,2.0,0.324454687248268,19.41570160436952,6.299515391751408,0.9876070429302208,0.18979210042338976,22.90614083346566,4.347404581377424,0.9709959585111494,5->6
Setting 2,5,6,1,3,Ammonia,197,2300,110,13.964006525977693,12.907920604558297,0.9243708516280965,12.691444990881788,11.807684558854202,0.9303656571286779,20.87094199573797,12.481724277805368,0.5980431683607882,0.6279078455790784,0.555085097550851,0.35276878372768783,0.2763938667292696,0.598137825953721,0.4620905997519285,1.9626168224299065,0.44777607941798653,14.297296093865139,6.401987191189025,0.9455292652552926,0.24911613783235925,16.173234392738802,4.029013688176573,0.9415317559153177,5->6
Setting 2,5,6,1,4,Acetaldehyde,197,2300,29,14.551163805087688,11.227863201779485,0.7716127281759937,6.837454587144617,9.84162655627958,1.4393699337737809,9.64056790173655,10.517124342863369,1.0909237349979066,0.7616878482819356,0.5311498808059643,0.8013787029866836,0.2054682887765431,0.19375616346700508,1.060447756086647,1.900497512437811,0.5564874700941214,11.113610828931204,6.184585173802557,0.8866062345313472,0.3162765253018987,10.41404571974431,3.293718194575841,0.9563309494526184,5->6
Setting 2,5,6,1,5,Acetone,197,2300,606,24.91611227048742,18.45592381541071,0.7407224536097207,9.032704637336941,9.028790688662024,0.9995666913917745,12.208451217110838,9.388758514355208,0.7690376401878339,0.9186684902256459,0.9185593884063732,0.23167479085570894,0.2135640921858093,0.38460956064399365,0.5552750478386853,1.875,0.8803904748550984,15.618033741926702,13.749968142357798,0.8551644125451506,0.39473068734287914,21.72282212811412,8.574664509657591,0.7265830479151811,5->6
Setting 2,5,6,1,6,Toluene,197,2300,467,13.665454488392783,12.373600280184945,0.9054656975144795,7.908317039596611,10.010559133909249,1.2658267345361598,11.293098512115673,10.756189051045567,0.95245685136864,0.4738735834002133,0.6979559842104833,0.4235681550821193,0.226481697913127,0.7091728370806683,0.3193603675592622,2.0,1.1679283383381749,5.861215785263102,6.845480012723816,0.158689549550181,0.7184266319801098,5.640497308977954,4.052283484381904,0.5613853093009318,5->6
Setting 2,6,7,1,1,Ethanol,2300,3613,649,32.534576079632416,10.358050820691707,0.31837054816202587,6.202920696359897,6.80079486771037,1.0963859124785085,6.2015265215220206,6.048654020276579,0.975349214307976,0.9454049518723916,0.9242377456025984,0.407890578051149,0.02418761084344534,0.3418383929505029,0.0707574436992735,1.8239999999999998,0.2938919062005665,29.526646780427562,8.677642506010676,0.9554697458354907,0.22158319865939086,25.08885607048454,5.55926897880304,0.9936042993580906,6->7
Setting 2,6,7,1,2,Ethylene,2300,3613,662,74.11553602771382,12.135890445705208,0.16374286817769582,12.261517579394823,7.488784416793818,0.6107551017484601,12.487611510492373,6.724856613170113,0.538522247230364,0.9114156602145209,0.895001028889792,0.45015720002743703,0.038675656547044523,0.37452664063052454,0.10326543522226651,1.7440000000000002,0.14184149833817708,71.98541155896524,10.210518634013962,0.9194235964868276,0.1392382429471155,58.01668305799445,8.078141010614832,0.943031754303165,6->7
Setting 2,6,7,1,3,Ammonia,2300,3613,360,28.126884041320224,10.810910067568841,0.3843621658085876,7.562889569100322,6.996890903076412,0.9251610563855899,8.645622390107519,5.791705089888116,0.6699003066008402,0.8545786795095125,0.7136984663729207,0.7230838200635311,0.02464946954871361,0.3044556687187059,0.08096242599932624,1.8079999999999998,0.3234103921049903,27.091125143688487,8.761551405285655,0.8605740000683131,0.1958048192764806,26.370607733901988,5.16349208154764,0.957686067561567,6->7
Setting 2,6,7,1,4,Acetaldehyde,2300,3613,744,12.025562276186495,11.218835635377204,0.9329156822540594,4.736471705136236,5.5932776835880755,1.1808954073393318,4.340166694281187,4.377879094898609,1.0086891594894531,0.48341044611100487,0.4500683052429193,0.9456443929734613,0.027836294381269333,0.10965667170170379,0.2538495282529793,1.7599999999999998,0.8696204975681874,9.996783361301798,8.693407720736646,0.4698627711127852,0.4111202504292238,7.685265207239572,3.1595681566153333,0.528819846561501,6->7
Setting 2,6,7,1,5,Acetone,2300,3613,630,24.27081133132142,12.632602906413291,0.5204853984469382,10.21633700959004,7.608367595267976,0.744725588841287,10.62818075996049,6.8295962494889455,0.6425931590492007,0.8819889426325899,0.8229746340373226,0.6422106220966429,0.04749374994387412,0.34565180198917633,0.13740344957137335,1.7919999999999998,0.5325170147349796,19.356144226498714,10.307476140274805,0.8945133534473125,0.445263373092489,15.326661601584938,6.824401042968839,0.9516679171389195,6->7
Setting 2,6,7,1,6,Toluene,2300,3613,568,18.2828851456837,11.157803808397164,0.6102868184910818,7.14264912888354,6.716882902605913,0.9403909923902173,5.573264330710256,5.654047152344067,1.0144947048695816,0.670677513355998,0.3681346700895025,0.674698767316543,0.03433091706563518,0.3189903191720649,0.10762369577465741,1.7440000000000002,0.5668292036012424,16.545118320009063,9.378256240819065,0.6842225768403524,0.264202041173238,20.025659324048135,5.290820069253402,0.8312090936423137,6->7
Setting 2,7,8,1,1,Ethanol,3613,294,30,37.27349501692341,22.83474745032047,0.6126269468412536,10.942621749451725,8.191915728955397,0.7486245907536601,14.639592546967874,7.836423671494602,0.5352897388607765,0.906439393939394,0.9707070707070707,0.009217171717171718,0.15792544814060216,0.5214786052914759,0.3028416631825789,1.7280000000000002,0.6064251015095885,34.443176498299884,20.88720680429418,0.9122474747474747,0.4902061652351131,25.410572057366235,12.45641908467202,0.9222222222222223,7->8
Setting 2,7,8,1,2,Ethylene,3613,294,30,15.142012870694678,25.146545138555314,1.6607134965010535,4.632448437587138,7.639727618488072,1.6491770435047322,4.7683194023444315,7.390207752436789,1.5498558567203484,0.6034090909090909,0.619949494949495,0.4681818181818182,0.13823029618115146,0.3019523476787014,0.4577884465671989,1.6,1.356288337763481,17.75669076671937,24.083192604173963,0.5520202020202021,0.43017164467813573,45.30811141955898,19.49026480661191,0.8657828282828283,7->8
Setting 2,7,8,1,3,Ammonia,3613,294,40,29.85994463938337,23.578216840804117,0.7896269442410803,3.8007539398263837,9.636291650020517,2.53536319440366,2.9921434232719335,10.80420536649738,3.610858116782013,0.7208661417322835,0.7900590551181103,0.36220472440944884,0.1942691695386255,0.18881486079911625,1.0288870733819633,1.8079999999999998,0.868765538497165,24.095326279567544,20.933189110533387,0.8,0.5404115049653533,15.78941415824022,8.532781067775854,0.929232283464567,7->8
Setting 2,7,8,1,4,Acetaldehyde,3613,294,33,18.001188423071703,24.395860766245352,1.3552361206873291,4.1944998859213625,9.438877493080343,2.2502986648686014,3.83783720874883,9.915886676536065,2.5837173744450546,0.7294786949959363,0.7745268779751538,0.7723209102519447,0.18178787338525304,0.16351423679477617,1.1117556302660776,1.8239999999999998,1.1876362065971806,17.18860051860462,20.41380431662992,0.7531638221293393,0.5489250443621057,11.569497823760692,6.350787106155122,0.923487751073958,7->8
Setting 2,7,8,1,5,Acetone,3613,294,143,17.49836688303378,34.208557102545036,1.9549571300687079,3.1650815557646577,8.56911135537381,2.7073903798044734,1.949272597176801,8.83407505582179,4.5319854537618225,0.4106423377946557,0.38929282637891904,0.8095216042235911,0.10250224290771293,0.20472507890739022,0.5006823954093138,1.800995024875622,1.5767467416820844,17.46960733940298,27.545146450869076,0.46283517806696617,0.6698350294776891,14.608134959650187,9.785040511311344,0.5404529245588848,7->8
Setting 2,7,8,1,6,Toluene,3613,294,18,59.901470643781046,16.854202960465617,0.2813654285834369,6.455465621216272,9.284017354111516,1.4381638597220685,5.78051902981635,10.044818581694358,1.7377018447448112,0.8297101449275363,0.751207729468599,0.6123188405797102,0.23417728487228862,0.3125189366405181,0.7493219047447875,1.7919999999999998,0.2630822612089252,53.87505603448316,14.173571564309379,0.8214573268921095,0.38031686633046174,20.342157008610627,7.736465407917033,0.948268921095008,7->8
Setting 2,8,9,1,1,Ethanol,294,470,61,24.096948572650597,15.743261942909802,0.6533301050730543,23.435900010591777,18.51723779573973,0.7901227513076489,39.07241933649811,23.10923325081659,0.5914461823261076,0.7599502986091626,0.7680468155036274,0.12257004288749049,0.2713717152065853,1.3464554831485283,0.2015452561209186,2.0,0.6144404403254127,19.71597809920272,12.11429426472031,0.8183093510761954,0.5774102090953581,6.6236558608007,3.824566515560627,0.7523347629163493,8->9
Setting 2,8,9,1,2,Ethylene,294,470,55,8.07289095534096,19.01125200448403,2.3549496840294046,7.2942106566404,20.52735097579461,2.8141977168026004,9.476263615162328,27.39659400790983,2.891075546281173,0.19776560788608982,0.04170865279299015,0.5429134720700985,0.33926344861421587,0.4203698308220971,0.8070594598825863,1.904,1.0715235352038153,12.285637512835082,13.164349739985656,0.5545235487404162,0.7477185221375774,6.484731939007665,4.848754181893158,0.6810514786418401,8->9
Setting 2,8,9,1,3,Ammonia,294,470,100,14.888333878649336,18.39500807681199,1.2355316737752242,9.959701987897617,19.69221005286354,1.977188682632496,13.541760946807237,26.314536495611314,1.9432137813520873,0.5383783783783783,0.25645945945945947,0.9103513513513515,0.36141850417730303,0.4629836542120931,0.780629080290893,1.952,0.8102951825190923,16.25572938767521,13.171939211167256,0.6781081081081082,0.5386512780177415,10.50190241009896,5.656863154817405,0.9242972972972974,8->9
Setting 2,8,9,1,4,Acetaldehyde,294,470,75,23.936911514102917,16.460357572006448,0.6876558641372131,24.881871526726524,16.89823525789843,0.6791384337688353,30.753716048876175,22.987750081465123,0.7474787776843363,0.76442194092827,0.7011308016877638,0.2831054852320675,0.2766595508381777,0.8045979794920419,0.3438481799480011,1.904,1.1265540185115932,12.235252121632612,13.783672445127715,0.7874430379746835,0.8901371208714328,5.532031210803728,4.924266334555737,0.7376877637130801,8->9
Setting 2,8,9,1,5,Acetone,294,470,78,91.1309609175334,28.37605854167993,0.3113767072790784,72.91670051230994,23.762825077155618,0.32589002121871835,98.28197841494658,34.07965993463863,0.34675390630369973,0.8531200941915228,0.820054945054945,0.1085164835164835,0.38116955793355767,0.8567028107698373,0.44492623712887885,1.9800995024875623,0.38866806035686136,66.26174846796222,25.753825252897105,0.8134484563055993,0.9379342736226889,10.644903731052226,9.98422004876792,0.9156200941915227,8->9
Setting 2,8,9,1,6,Toluene,294,470,101,13.96040317107001,18.761907414172715,1.3439373622856974,14.489979857526937,19.425836974053347,1.3406393359451387,21.77334800326434,25.235548912122532,1.1590109572647775,0.5490890552469881,0.5508599640451851,0.7039094153317771,0.26735099581745314,0.5912164227766112,0.4522049549331796,1.888,1.5621625556285372,9.515948537036882,14.865458485847176,0.12780058493654242,0.9243965423787738,5.2363797232383575,4.840491310743858,0.4290697362419169,8->9
Setting 2,9,10,1,1,Ethanol,470,3600,600,54.81146700918592,112.62334388535328,2.054740550302706,19.071529418531487,44.7832644904907,2.348173736238246,17.474518560112156,44.75758654232658,2.561305845901331,0.5151266666666666,0.5445572222222221,0.42505388888888895,0.22547959970033982,0.3507744701023513,0.6428050468853902,2.0,1.6749683933273982,56.546791527657405,94.71408855289965,0.39577555555555555,0.7576349600561848,19.26207302476207,14.593619926714926,0.3735938888888889,9->10
Setting 2,9,10,1,2,Ethylene,470,3600,600,113.55456176082863,104.80007727935701,0.9229050392540765,28.75130142292136,40.34520654133184,1.4032480112071548,24.35159326361886,40.26757147016423,1.6535908363057192,0.60993,0.5591088888888889,0.661633888888889,0.2178900784977328,0.41680430077953745,0.5227635081745056,2.0,1.282374533278397,75.18416834620852,96.41426279289358,0.6299644444444444,0.4863041759843365,30.55430469897276,14.85868596940829,0.7458516666666667,9->10
Setting 2,9,10,1,3,Ammonia,470,3600,600,181.0618807575589,98.07160502637888,0.5416468923002978,40.697342384685335,39.65483157288202,0.9743838110619326,40.41494149606946,41.145754661014095,1.0180827470705534,0.7191983333333333,0.6493194444444444,0.4663833333333333,0.2040358794116297,0.4575854446098432,0.44589678674241784,1.968,0.6036415266201824,146.7009882284389,88.55480849090426,0.7544722222222221,0.2684423838274612,64.73316756375169,17.377125813515995,0.9036627777777778,9->10
Setting 2,9,10,1,4,Acetaldehyde,470,3600,600,37.172921939503546,135.38602425024607,3.6420603274226817,11.875813261539694,51.35017837100611,4.3239294219374225,12.509159024766893,49.67821653150643,3.971347428963729,0.23372444444444446,0.22963166666666668,0.7233605555555556,0.2958972779411978,0.2145006977490833,1.3794700019453077,1.984,1.2741682565968815,82.17279044245969,104.70196113776974,0.32067111111111113,0.9594102650153232,17.395730018410145,16.68964194709789,0.2403538888888889,9->10
Setting 2,9,10,1,5,Acetone,470,3600,600,446.78408093900043,85.83786677735931,0.1921238254437243,141.13002059964566,30.27305326104659,0.2145047037647963,133.0307307788398,32.18550318132211,0.2419403621470718,0.8755827777777777,0.8604255555555556,0.25419583333333334,0.27271270301910566,0.5289964954627613,0.5155283737381645,2.0,0.2714720405721231,334.6335718543345,90.84365859523436,0.8146838888888889,0.9954687689079655,47.84851516602586,47.631702486397884,0.5572394444444445,9->10
Setting 2,9,10,1,6,Toluene,470,3600,600,42.343567253621245,120.07652906016332,2.835767906396557,12.450052959321246,42.989103404113976,3.452925344540676,13.92322096838418,41.20936663204363,2.959758142574826,0.31384,0.27111722222222223,0.5917555555555556,0.2595510950198959,0.25354325230628993,1.0236955338347884,1.984,1.3814821771530204,69.41494991108956,95.89551613013987,0.3895261111111111,0.7185940169972311,23.19903527990602,16.67068795224815,0.5390461111111111,9->10
